{
    "cpNode1": 7.360452529095799,
    "cpNode2": 10.436498090764584,
    "cpNode3": 1.208478169939372,
    "cpNode4": 1.6287382692196757,
    "cpNode5": 3.0849867046277213,
    "cpNode6": 6.02115358685516
}