{
    "primeApp1": 2.572659897066818,
    "primeApp2": 10.155583958029244,
    "primeApp3": 23.397670779983912,
    "primeApp4": 8.05968485709488
}